Date,Publication,Headline,URL,Ideology
2019-01-07,The Guardian,today in focus   is the anti-vaccine movement putting lives at risk?,https://www.theguardian.com/society/audio/2019/jan/07/anti-vaccine-movement-lives-risk-measles-mmr-andrew-wakefield,Liberal
2019-01-07,The Guardian,is the anti-vaccine movement putting lives at risk?,https://www.theguardian.com/society/audio/2019/jan/07/anti-vaccine-movement-lives-risk-measles-mmr-andrew-wakefield,Liberal
2019-01-19,New York Times,the editorial boardhow to inoculate against anti-vaxxers,https://www.nytimes.com/2019/01/19/opinion/vaccines-public-health.html,Liberal
2019-01-31,Daily Mail,"measles reported in georgia, oregon and hawaii amid outbreak across the us fueled by anti-vaxxers",https://www.dailymail.co.uk/health/article-6650537/Authorities-38-sickened-Northwest-measles-outbreak.html,Conservative
2019-02-01,The Guardian,going viral  how facebook and youtube help spread anti-vaccination propaganda,https://www.theguardian.com/media/2019/feb/01/facebook-youtube-anti-vaccination-misinformation-social-media,Liberal
2019-02-01,The Guardian,how facebook and youtube help spread anti-vaccination propaganda,https://www.theguardian.com/media/2019/feb/01/facebook-youtube-anti-vaccination-misinformation-social-media,Liberal
2019-02-02,The Guardian,washington state  measles outbreak sparks concerns over anti-vaccination movement,https://www.theguardian.com/society/2019/feb/02/measles-outbreak-washington-pacific-northwest-anti-vaccination,Liberal
2019-02-02,The Guardian,measles outbreak sparks concerns over anti-vaccination movement,https://www.theguardian.com/society/2019/feb/02/measles-outbreak-washington-pacific-northwest-anti-vaccination,Liberal
2019-02-04,Daily Mail,measles outbreak in washington fueled by anti-vaxxers soars to 50 cases,https://www.dailymail.co.uk/health/article-6666979/Measles-outbreak-Washington-fueled-anti-vaxxers-soars-50-cases.html,Conservative
2019-02-11,Daily Mail,"'god knows how i'm still alive': teenager, 18, finally gets immunized against six diseases and attacks his anti-vaxxer mom for believing the shots cause brain damage and autism - as an outbreak of measles sweep the country",https://www.dailymail.co.uk/news/article-6690963/Teenager-18-finally-gets-vaccinations-attacks-anti-vaxxer-parents.html,Conservative
2019-02-12,Daily Mail,"more than 100 cases of measles confirmed in nationwide outbreak fueled by anti-vaxxers, cdc says",https://www.dailymail.co.uk/health/article-6695579/More-100-cases-measles-confirmed-nationwide-outbreak-fueled-anti-vaxxers-CDC-says.html,Conservative
2019-02-12,The Guardian,facebook  network under pressure to halt rise of anti-vaccination groups,https://www.theguardian.com/technology/2019/feb/12/facebook-anti-vaxxer-vaccination-groups-pressure-misinformation,Liberal
2019-02-12,The Guardian,network under pressure to halt rise of anti-vaccination groups,https://www.theguardian.com/technology/2019/feb/12/facebook-anti-vaxxer-vaccination-groups-pressure-misinformation,Liberal
2019-02-15,Daily Mail,"two upstate new york teenagers, 13 and 15, have been expelled from school after their mother refused to have them vaccinated because of her evangelical 'religious beliefs'",https://www.dailymail.co.uk/news/article-6709275/Two-teenagers-13-15-expelled-mother-refused-vaccinated.html,Conservative
2019-02-15,The Guardian,revealed  facebook enables ads to target users interested in 'vaccine controversies',https://www.theguardian.com/technology/2019/feb/15/facebook-anti-vaccination-advertising-targeting-controversy,Liberal
2019-02-15,The Guardian,facebook enables ads to target users interested in 'vaccine controversies',https://www.theguardian.com/technology/2019/feb/15/facebook-anti-vaccination-advertising-targeting-controversy,Liberal
2019-02-15,The Guardian,measles is on the rise. but telling anti-vaxxers they’re stupid won’t fix it,https://www.theguardian.com/commentisfree/2019/feb/15/measles-anti-vaxxers-communication,Liberal
2019-02-16,Daily Mail,"'this flu season is not mild': public health directors urge americans to get vaccinated as data show 19,000 people have been killed by the virus",https://www.dailymail.co.uk/health/article-6712457/This-flu-season-not-mild-19-000-people-killed-virus-health-directors-say.html,Conservative
2019-02-18,Daily Mail,a vaccine to prevent strep deaths? scientists discover what causes the infection to turn deadly in kids and new mothers - paving the way to a shot,https://www.dailymail.co.uk/health/article-6717667/Scientists-discover-causes-strep-turn-deadly-kids-new-mothers.html,Conservative
2019-02-21,The Guardian,anti-vaccine  propaganda has gone viral on facebook. pinterest has a cure,https://www.theguardian.com/technology/2019/feb/20/pinterest-anti-vaxx-propaganda-search-facebook,Liberal
2019-02-28,The Guardian,anti-vaxx 'mobs'  doctors face harassment campaigns on facebook,https://www.theguardian.com/technology/2019/feb/27/facebook-anti-vaxx-harassment-campaigns-doctors-fight-back,Liberal
2019-03-01,The Guardian,'god knows how i’m alive'  how a teen defied his parents to get vaccinated,https://www.theguardian.com/society/2019/mar/01/teens-breaking-away-anti-vaxxer-family,Liberal
2019-03-01,The Guardian,how a teen defied his parents to get vaccinated,https://www.theguardian.com/society/2019/mar/01/teens-breaking-away-anti-vaxxer-family,Liberal
2019-03-04,Daily Mail,"one orthodox jewish school is driving new york's measles spread, health officials say: 21 of the city's 31 new cases linked to brooklyn yeshiva that allowed unvaccinated kids to come in",https://www.dailymail.co.uk/health/article-6769759/A-single-yeshiva-linked-21-measles-cases-Brooklyn-NYC-outbreak-continues.html,Conservative
2019-03-04,The Guardian,"vaccines  no link between autism and mmr, affirms major study",https://www.theguardian.com/society/2019/mar/04/no-link-between-autism-and-mmr-affirms-major-study,Liberal
2019-03-05,The Guardian,"vaccines  i defied mother to get vaccinated for safety of me and others, us teen says",https://www.theguardian.com/us-news/2019/mar/05/ethan-lindenberger-ohio-congress-vaccines,Liberal
2019-03-05,The Guardian,revealed how amazonsmile helps fund anti-vaccine groups,https://www.theguardian.com/us-news/2019/mar/05/revealed-amazonsmile-helps-fund-anti-vaccine-groups,Liberal
2019-03-05,The Guardian,"i defied mother to get vaccinated for safety of me and others, us teen says",https://www.theguardian.com/us-news/2019/mar/05/ethan-lindenberger-ohio-congress-vaccines,Liberal
2019-03-05,The Guardian,anti-vaxx propaganda is flooding the internet. will tech companies act?,https://www.theguardian.com/commentisfree/2019/mar/05/anti-vaxx-propaganda-internet-tech,Liberal
2019-03-06,New York Times,"brett p. giroir, robert r. redfield and jerome m. adamsthis is the truth about vaccines",https://www.nytimes.com/2019/03/06/opinion/vaccines-autism-flu.html,Liberal
2019-03-07,Daily Mail,bill and melinda gates sue company that was granted $30million to develop a pneumonia vaccine for children - but instead used the money to pay off its back rent and other debts it racked up,https://www.dailymail.co.uk/news/article-6777959/Bills-Melinda-Gates-sue-company-paid-30million-develop-pneumonia-vaccine.html,Conservative
2019-03-07,Daily Mail,"anti-vaxxer's son, 30, who contracted measles at a graduation says parents today have 'no excuse' to not vaccinate their children after ordeal that left him struggling to walk",https://www.dailymail.co.uk/health/article-6782451/Anti-vaxxers-adult-son-contracts-measles-says-parents-today-no-excuse-not-vaccinate.html,Conservative
2019-03-07,The Guardian,facebook  company to ban anti-vaxx ads in new push against 'vaccine hoaxes',https://www.theguardian.com/technology/2019/mar/07/facebook-anti-vaxx-vaccine-hoax-ads,Liberal
2019-03-07,The Guardian,company to ban anti-vaxx ads in new push against 'vaccine hoaxes',https://www.theguardian.com/technology/2019/mar/07/facebook-anti-vaxx-vaccine-hoax-ads,Liberal
2019-03-08,Daily Mail,anti-vaxxer dad is mercilessly mocked by quick-witted facebook users after asking for furniture recommendations for an 'outdoor bedroom' for his two-year-old son jericho,https://www.dailymail.co.uk/femail/article-6787693/Anti-vaccination-parent-BRUTALLY-mocked-asked-people-recommendations.html,Conservative
2019-03-09,New York Times,frank brunithe real horror of the anti-vaxxers,https://www.nytimes.com/2019/03/09/opinion/sunday/the-real-horror-of-the-anti-vaxxers.html,Liberal
2019-03-09,The Guardian,"oregon  treatment of unvaccinated boy with tetanus cost nearly $1m, cdc says",https://www.theguardian.com/us-news/2019/mar/09/cdc-treatment-cost-tetanus-unvaccinated-oregon-boy,Liberal
2019-03-09,The Guardian,"treatment of unvaccinated boy with tetanus cost nearly $1m, cdc says",https://www.theguardian.com/us-news/2019/mar/09/cdc-treatment-cost-tetanus-unvaccinated-oregon-boy,Liberal
2019-03-10,The Guardian,a startup says used tissues are safer than vaccinations. should you trust it?,https://www.theguardian.com/business/2019/mar/10/vaev-tissue-startup-anti-vaccination-movement-used-tissues,Liberal
2019-03-13,Daily Mail,"twitter ceo slammed for praising fitness writer who claimed 'vaccines do indeed cause autism' after he appeared on his podcast        +9           jack dorsey has found himself at the center of new scrutiny after he appeared on a podcast hosted by fitness writer ben greenfield, who is also known for promoting anti-vaccination theories.",https://www.dailymail.co.uk/news/article-6804769/Twitter-CEO-slammed-praising-anti-vaxxer-appearing-podcast.html,Conservative
2019-03-19,Daily Mail,kentucky teen who refuses to get the chickenpox vaccine 'because it contains aborted fetal cells' sues his school for barring him from basketball practice and classes,https://www.dailymail.co.uk/health/article-6826603/Kentucky-teen-refuses-chickenpox-vaccine-SUES-school.html,Conservative
2019-03-19,Daily Mail,"russian speakers hardest-hit by measles in washington: myths quickly spread among close-knit community panicked over fetal-tissue-based vaccines, report says",https://www.dailymail.co.uk/health/article-6828113/Russian-speakers-hardest-hit-measles-Washington-myths-fly.html,Conservative
2019-03-21,Daily Mail,grieving mother whose 5-year-old son died of flu was attacked online by anti-vaxxer trolls,https://www.dailymail.co.uk/health/article-6827411/Mother-5-year-old-son-died-flu-attacked-anti-vaxxer-trolls.html,Conservative
2019-03-25,Daily Mail,"measles cases soar above 300 in nationwide outbreak fueled by anti-vaxxers, cdc says",https://www.dailymail.co.uk/health/article-6849207/Measles-cases-soar-300-nationwide-outbreak-fueled-anti-vaxxers-CDC-says.html,Conservative
2019-03-26,The Guardian,new york  county bans unvaccinated children from public spaces amid measles outbreak,https://www.theguardian.com/society/2019/mar/26/measles-outbreak-new-york-state-of-emergency-rockland-county,Liberal
2019-03-26,The Guardian,county bans unvaccinated children from public spaces amid measles outbreak,https://www.theguardian.com/society/2019/mar/26/measles-outbreak-new-york-state-of-emergency-rockland-county,Liberal
2019-03-27,Daily Mail,notorious anti-vaxxer robert f kennedy jr blames rise in teen anxiety and depression on aluminum in the hpv vaccine - but we eat almost 10 times as much of the metal a day,https://www.dailymail.co.uk/health/article-6857485/Notorious-anti-vaxxer-Robert-F-Kennedy-Jr-blames-teen-mental-illness-HPV-vaccine.html,Conservative
2019-03-27,The Guardian,measles outbreak  new york county bans unvaccinated children in public,https://www.theguardian.com/us-news/2019/mar/27/measles-outbreak-new-york-ban-children-rockwood-country-latest,Liberal
2019-03-27,The Guardian,new york county bans unvaccinated children in public,https://www.theguardian.com/us-news/2019/mar/27/measles-outbreak-new-york-ban-children-rockwood-country-latest,Liberal
2019-03-29,New York Times,"an outbreak spreads fear: of measles, of ultra-orthodox jews, of anti-semitisma measles outbreak in a new york suburb has sickened scores of people. authorities have traced it to ultra-orthodox families whose children have not been vaccinated.the outbreak is intensifying tensions between the rapidly expanding orthodox community and secular society.",https://www.nytimes.com/2019/03/29/nyregion/measles-jewish-community.html,Liberal
2019-03-29,New York Times,"with guns drawn, officers raided home to get unvaccinated, feverish childthe police burst into an arizona home to take custody of a sick toddler, raising questions about when parents can be stripped of control over their children’s health care.",https://www.nytimes.com/2019/03/29/us/unvaccinated-children-home-raids.html,Liberal
2019-03-31,FOX,cops kick down door of parents who refused to take unvaccinated 2-year-old to hospital,https://www.foxnews.com/us/arizona-police-kick-down-door-of-parents-who-refused-to-take-unvaccinated-2-year-old-to-hospital-body-cam-footage-shows,Conservative
2019-04-02,Daily Mail,'your neighbor does not believe in vaccinating herself or her family': anonymous group of wisconsin mothers wage war on anti-vaxxer neighbor by passing out letters about her to the community,https://www.dailymail.co.uk/health/article-6879093/Wisconsin-moms-wage-war-anti-vaxxer-neighbor-passing-letters-community.html,Conservative
2019-04-02,The Guardian,america's vaccination crisis is a symptom of our broken society,https://www.theguardian.com/society/commentisfree/2019/apr/02/america-anti-vaxx-movement-crisis-broken-society,Liberal
2019-04-03,New York Times,"scientists thought they had measles cornered. they were wrong.following intensive vaccination efforts, measles cases plunged across the world. now clusters of new infections — some linked, some not — have confounded health officials.",https://www.nytimes.com/2019/04/03/health/measles-outbreaks-ukraine-israel.html,Liberal
2019-04-03,Daily Mail,"kentucky judge rules against teenage anti-vaxxer, 18, who sued the state's health department after being banned from school and basketball practice for refusing chickenpox vaccine 'because it contains aborted fetal cells'",https://www.dailymail.co.uk/news/article-6879631/Kentucky-judge-rules-against-unvaccinated-student-lawsuit.html,Conservative
2019-04-04,Daily Mail,"experimental vaccine cured hpv and cleared up cervical pre-cancer lesions in a third of patients - preventing it from turning into disease, study finds",https://www.dailymail.co.uk/health/article-6886697/Experimental-vaccine-clears-cervical-pre-cancer-lesions-HPV-infection-one-women.html,Conservative
2019-04-05,The Guardian,'sentencing their dog to death'  how the anti-vax movement spread to pets,https://www.theguardian.com/society/2019/apr/06/sentencing-their-dog-to-death-how-the-anti-vax-movement-spread-to-pets,Liberal
2019-04-05,The Guardian,how the anti-vax movement spread to pets,https://www.theguardian.com/society/2019/apr/06/sentencing-their-dog-to-death-how-the-anti-vax-movement-spread-to-pets,Liberal
2019-04-09,New York Times,‘pig dna’: misinformation drives measles outbreak among ultra-orthodox jewsfliers and conference calls in new york communities have contradicted the scientific consensus that vaccines are generally safe and  effective.one magazine contained false warnings that vaccines cause autism and contain cells from aborted human fetuses.,https://www.nytimes.com/2019/04/09/nyregion/jews-measles-vaccination.html,Liberal
2019-04-09,New York Times,"new york city declares measles emergency after outbreak in brooklynmayor bill de blasio said that the city would require unvaccinated people living in select zip codes in williamsburg, brooklyn, to receive the measles vaccine.",https://www.nytimes.com/2019/04/09/nyregion/measles-vaccination-williamsburg.html,Liberal
2019-04-09,Daily Mail,new york parents are holding 'measles parties' to intentionally infect their children instead of getting vaccinated,https://www.dailymail.co.uk/health/article-6903821/New-York-orders-mandatory-measles-vaccinations-blasts-misinformation-fueling-outbreak.html,Conservative
2019-04-16,Daily Mail,measles cases quadruple in a year as world health organization warns slipping vaccination rates are triggering the spread of the deadly virus,https://www.dailymail.co.uk/health/article-6924773/Global-measles-cases-300-percent-year-year-WHO.html,Conservative
2019-04-18,Daily Mail,why your decades-old measles shot is still valid: a vaccine professor explains as he answers patients' top 5 questions,https://www.dailymail.co.uk/health/article-6937047/Why-years-old-measles-vaccine-valid.html,Conservative
2019-04-18,Daily Mail,furious mom of 8-month-old girl who caught measles before she could get her mmr shot slams anti-vaxxers for fueling the outbreak - telling them to 'wear a sign' so she can avoid them,https://www.dailymail.co.uk/health/article-6937557/8-month-old-girl-caught-measles-MMR-shot.html,Conservative
2019-04-23,New York Times,moshe friedmanmy fellow hasidic jews are making a terrible mistake about vaccinations,https://www.nytimes.com/2019/04/23/opinion/my-fellow-hasidic-jews-are-making-a-terrible-mistake-about-vaccinations.html,Liberal
2019-04-24,FOX,california bill aims to appoint public health official to determine vaccine exemptions,//web.archive.orghttps://www.foxnews.com/politics/california-bill-aims-to-appoint-public-health-official-to-determine-vaccine-exemptions,Conservative
2019-04-25,Daily Mail,unvaccinated students in la will be banned from classes for 21 days amid growing measles outbreak,https://www.dailymail.co.uk/health/article-6961053/Unvaccinated-students-LA-BANNED-classes-21-days-amid-growing-measles-outbreak.html,Conservative
2019-05-05,The Guardian,getting a measles vaccination isn't a personal choice – it's a social responsibility,https://www.theguardian.com/commentisfree/2019/may/05/measles-vaccinations-social-responsibility,Liberal
2019-05-06,FOX,states seek to cut off religious exemptions for vaccination,//web.archive.orghttps://www.foxnews.com/us/states-seek-to-cut-off-religious-exemptions-for-vaccination,Conservative
2019-05-06,Daily Mail,us doctors are poring over medical records to find unvaccinated patients amid the record-setting measles outbreak that has sickened 764,https://www.dailymail.co.uk/health/article-6998873/US-doctors-poring-medical-records-unvaccinated-patientsamid-measles-outbreak.html,Conservative
2019-05-09,New York Times,"opposition to measles vaccine extends well beyond new york’s ultra-orthodox jewsas the outbreak grows in the city, health authorities have been focusing on schools affiliated with ultra-orthodox judaism.but immunization data, reported annually by every school to the state, suggests that reluctance to vaccinate is much more widespread.",https://www.nytimes.com/2019/05/09/nyregion/measles-outbreak-ny-schools.html,Liberal
2019-05-09,Daily Mail,instagram will now block hashtags that promote anti-vaccination misinformation,https://www.dailymail.co.uk/sciencetech/article-7012449/Instagram-BLOCK-hashtags-promote-anti-vaccination-misinformation.html,Conservative
2019-05-10,FOX,more states push for tossing religious exemptions for vaccinations,//web.archive.orghttps://www.foxnews.com/politics/more-states-push-for-tossing-religious-exemptions-for-vaccinations,Conservative
2019-05-13,The Guardian,labelling anti-vaxxers as bad parents doesn’t help – it just leads to more distrust in science,https://www.theguardian.com/commentisfree/2019/may/13/labelling-anti-vaxxers-as-bad-parents-doesnt-help-it-just-leads-to-more-distrust-in-science,Liberal
2019-05-19,New York Times,"ebola outbreak worsens in congo, fueled by mistrust of health workersthe epidemic in the eastern congo, the second-largest ever recorded, is out of control despite some early success with a new vaccine.efforts have been hobbled by attacks on treatment centers and personnel by residents who don’t trust them or the government.",https://www.nytimes.com/2019/05/19/world/africa/ebola-outbreak-congo.html,Liberal
2019-05-25,Daily Mail,'we know it's possible': scientists claim they are just two years away from developing a flu immunization jab that will last for a lifetime,https://www.dailymail.co.uk/news/article-7069767/Scientists-claim-just-two-years-away-developing-lifelong-flu-immunisation-jab.html,Conservative
2019-05-27,CNN,maine bars residents from opting out of immunizations for religious or philosophical reasons,https://www.cnn.com/2019/05/27/health/maine-immunization-exemption-repealed-trnd/index.html,Liberal
2019-05-28,The Guardian,"anti-vaxx  as dispute rages, attention turns to california's waldorf schools",https://www.theguardian.com/society/2019/may/28/anti-vaxx-california-waldorf-schools-immunisation,Liberal
2019-06-02,New York Times,jeneen interlandiwhen defending vaccines gets ugly,https://www.nytimes.com/2019/06/02/opinion/vaccines-peter-hotez.html,Liberal
2019-06-13,New York Times,"new york bans religious exemptions for measles vaccinationsnew york state, the center of the u.s. measles outbreak, eliminated a religious exemption for mandatory vaccinations for schoolchildren.the bill had been stalled for years because of sensitivity about ultra-orthodox groups, which have often wielded political influence.",https://www.nytimes.com/2019/06/13/nyregion/measles-vaccinations-new-york.html,Liberal
2019-06-13,New York Times,"jessica biel weighs in on vaccine fight, drawing fierce pushbackthe entry of ms. biel, the hollywood actress, into the conversation broadened the scope of the national debate, but also provoked a furious response.",https://www.nytimes.com/2019/06/13/us/jessica-biel-anti-vaxx-california.html,Liberal
2019-06-13,FOX,new york ends religious exemption to vaccine mandates,//web.archive.orghttps://www.foxnews.com/us/new-york-ends-religious-exemption-to-vaccine-mandates,Conservative
2019-06-13,FOX,the latest: ny ends religious exemptions to vaccine mandates,//web.archive.orghttps://www.foxnews.com/us/the-latest-ny-ends-religious-exemptions-to-vaccine-mandates,Conservative
2019-06-13,The Guardian,california  jessica biel joins campaigner lobbying against vaccination law,https://www.theguardian.com/film/2019/jun/13/jessica-biel-joins-campaign-against-vaccination-law,Liberal
2019-06-13,The Guardian,jessica biel joins campaigner lobbying against vaccination law,https://www.theguardian.com/film/2019/jun/13/jessica-biel-joins-campaign-against-vaccination-law,Liberal
2019-06-14,The Guardian,vaccinations  new york repeals religious exemption for schoolchildren,https://www.theguardian.com/us-news/2019/jun/13/new-york-vaccines-measles-religion,Liberal
2019-06-18,FOX,porn star: vaccines should be 'parent's choice',https://www.foxnews.com/entertainment/farrah-abraham-jessica-biel-anti-vaccination-parents-choice,Conservative
2019-06-21,Daily Mail,california doctor writes more bogus vaccine exemptions while on probation for giving them to anti-vaxxers,https://www.dailymail.co.uk/health/article-7168827/California-doctor-writes-bogus-vaccine-exemptions-probation.html,Conservative
2019-06-21,Daily Mail,california moves ahead with tighter vaccine law despite five hours of tearful testimonies from anti-vaxxer parents,https://www.dailymail.co.uk/health/article-7165083/The-Latest-Hundreds-crowd-hearing-California-vaccine-law.html,Conservative
2019-07-10,The Guardian,'she loved life'  how a woman's death exposes the threat of anti-vaxxers,https://www.theguardian.com/society/2019/jul/10/vaccines-measles-outbreak-immune-system,Liberal
2019-07-10,The Guardian,how a woman's death exposes the threat of anti-vaxxers,https://www.theguardian.com/society/2019/jul/10/vaccines-measles-outbreak-immune-system,Liberal
2019-07-18,Daily Mail,pentagon cybersecurity expert 'threatened to kill a democratic congresswoman for introducing a bill that would require all public school children to be vaccinated',https://www.dailymail.co.uk/news/article-7262519/Pentagon-cybersecurity-expert-threatened-kill-Democratic-congresswoman-vaccination-bill.html,Conservative
2019-08-21,Daily Mail,"measles warning for texas: a single case could trigger a 1,000-person outbreak if anti-vaxxer trend continues - as more than 64,000 unvaccinated kids go back to school, simulation suggests",https://www.dailymail.co.uk/health/article-7377063/Texas-cities-measles-outbreak-1-000-cases-study-finds.html,Conservative
2019-08-23,New York Times,carolyn kylstrawho cares what celebrities think about vaccines?,https://www.nytimes.com/2019/08/23/opinion/anti-vaccine.html,Liberal
2019-08-28,The Guardian,pinterest  site makes aggressive new move in fight against vaccine misinformation,https://www.theguardian.com/society/2019/aug/28/pinterest-anti-vaccine-combat-health-misinformation,Liberal
2019-08-28,The Guardian,site makes aggressive new move in fight against vaccine misinformation,https://www.theguardian.com/society/2019/aug/28/pinterest-anti-vaccine-combat-health-misinformation,Liberal
2019-08-29,Daily Mail,california's tougher vaccine law to get final vote - after an anti-vaxxer attacked the bill's co-author,https://www.dailymail.co.uk/health/article-7408519/Californias-tougher-vaccine-law-final-vote.html,Conservative
2019-08-29,The Guardian,california  the senator fighting for the strictest vaccination laws in the us,https://www.theguardian.com/us-news/2019/aug/28/richard-pan-california-vaccines-strictest-law,Liberal
2019-08-29,The Guardian,the senator fighting for the strictest vaccination laws in the us,https://www.theguardian.com/us-news/2019/aug/28/richard-pan-california-vaccines-strictest-law,Liberal
2019-09-10,CNN,governor signs bills limiting vaccine exemptions,https://www.cnn.com/2019/09/10/politics/california-vaccine-bill-gavin-newsom/index.html,Liberal
2019-09-24,Daily Mail,"prominent anti-vaxxer's six-month-old baby died from asphyxiation from co-sleeping with her and not from injections as her mother claimed, medical examiner rules",https://www.dailymail.co.uk/news/article-7499429/Anti-vaxxers-baby-died-asphyxiation-caused-sleeping-medical-examiner-rules.html,Conservative
2019-10-11,Daily Mail,measles surge is killing thousands worldwide as plummeting vaccine rates lead to an 'alarming upsurge',https://www.dailymail.co.uk/news/article-7564671/Measles-surge-killing-thousands-worldwide-plummeting-vaccine-rates-lead-alarming-upsurge.html,Conservative
2019-11-03,Daily Mail,bill maher agrees with anti-vaxxer doctor on his show and says it's 'realistic' to believe debunked theory that childhood vaccines cause autism,https://www.dailymail.co.uk/news/article-7643905/Bill-Maher-claims-link-autism-MMR-vaccine-not-crazy.html,Conservative
2019-11-07,The Guardian,firehosing: the strategy that anti-vaxxers are using to spread misinformation,https://www.theguardian.com/commentisfree/2019/nov/07/firehosing-the-systemic-strategy-that-anti-vaxxers-are-using-to-spread-misinformation,Liberal
2019-11-11,Daily Mail,bill gates backs mail on jabs: microsoft founder joins fight after witnessing horror measles inflicts on young and writes article arguing anti-vaxx scare is harming our children,https://www.dailymail.co.uk/news/article-7674313/Gates-backs-Mail-jabs-wife-shocked-lack-vaccinations-poorer-countries.html,Conservative
2019-11-14,The Guardian,facebook  majority of anti-vaxx ads funded by just two organisations,https://www.theguardian.com/technology/2019/nov/13/majority-antivaxx-vaccine-ads-facebook-funded-by-two-organizations-study,Liberal
2019-11-14,The Guardian,majority of anti-vaxx ads funded by just two organisations,https://www.theguardian.com/technology/2019/nov/13/majority-antivaxx-vaccine-ads-facebook-funded-by-two-organizations-study,Liberal
2019-11-19,The Guardian,"flu  give migrants vaccine to tackle us detention 'emergency', doctors say",https://www.theguardian.com/society/2019/nov/19/migrants-flu-vaccine-detention-emergency-doctors,Liberal
2019-11-19,The Guardian,"give migrants vaccine to tackle us detention 'emergency', doctors say",https://www.theguardian.com/society/2019/nov/19/migrants-flu-vaccine-detention-emergency-doctors,Liberal
2019-11-25,Daily Mail,"actor rob schneider defends freedom of speech in furious anti-vax twitter rant, blasting 'totalitarian' social media users for trying to silence differing opinions and accusing tech giants amazon, facebook and youtube of 'burying information'",https://www.dailymail.co.uk/news/article-7723479/Rob-Schneider-warns-against-totalitarian-Amazon-Google-Facebook-free-speech-Twitter-rant.html,Conservative
2019-12-05,Daily Mail,"hope for an hiv vaccine as scientists 're-engineer' the human immune system to fight the virus         +2           duke university and boston children's hospital researchers think they've discovered a way to trigger the immune system to make antibodies against hiv, without attacking its own immune cells in mice.",https://www.dailymail.co.uk/health/article-7760839/Hope-HIV-vaccine-scientists-engineer-human-immune-fight-virus.html,Conservative
2019-12-05,Daily Mail,"revealed: more than 140,000 people were killed by measles last year amid resurgence of the killer infection, as experts blame dangerous anti-vaxx propaganda        +3           there were 9,769,400 cases globally in 2018, with the majority being babies and children under the age of five. a boy in samoa - currently battling an outbreak - is pictured getting a jab.",https://www.dailymail.co.uk/health/article-7756105/More-140-000-people-killed-measles-year.html,Conservative
2019-12-11,New York Times,"david robert grimesterminally ill at 25, and fighting fake news on vaccines",https://www.nytimes.com/2019/12/11/opinion/anti-vaccine-HPV.html,Liberal
2019-12-24,Daily Mail,santa claus is coming to town! norad tracker shows saint nick's route as the usda grants him access to 'any border port' in the us - as long as rudolph and the reindeer get vaccinated!,https://www.dailymail.co.uk/news/article-7825145/USDA-grants-Santa-Claus-access-border-port-US.html,Conservative
2019-12-28,CNN,"seattle school system says if students aren't vaccinated, they can't return to classes",https://www.cnn.com/2019/12/28/us/seattle-public-schools-vaccines-exclusion-trnd/index.html,Liberal
2019-12-29,CNN,"seattle school system says if students aren't vaccinated, they can't return",https://www.cnn.com/2019/12/28/us/seattle-public-schools-vaccines-exclusion-trnd/index.html,Liberal
